{
    "AGENDA": "Here is a link to the Agenda: %[View Agenda](https://app.box.com/notes/60021220341?s=pyeyv0do902y6e3thyhr0v2nf21tugh3)",
    "WIFI": "Network = Sciensio, Password = Sciensio2016",
    "ATTENDEES": "The attendees are: \n%[Chris](postback:CHRIS) %[Chuck](postback:CHUCK) %[Darren](postback:Darren) \n%[David](postback:David) %[Kaitlyn](postback:KAITLYN) %[Kristi](postback:KRISTI) \n%[Steve](postback:STEVE)",
    "CHRIS": "Most of you have worked with Chris, but if you want a refresher: %[Website](http://colleran.net) %[LinkedIn](https://www.linkedin.com/in/chriscolleran) %[Twitter](https://twitter.com/chcolleran)",
    "CHUCK": "Chuck has worked as a senior executive at some of the of the largest public companies in the world.  He has a deep understanding of the value that IT brings to the enterprise. %[LinkedIn](https://www.linkedin.com/in/chuckelias)",
    "KRISTI": "Kristi is amazing at bringing organization to chaos and understanding how to manage change in the enterprise. %[LinkedIn](https://www.linkedin.com/in/kristicolleran)",
    "STEVE": "Chris has known Steve the longest of anyone attending and met when Steve was a product manager at Microsoft.  He has twice built outsourced content management businesses from scratch and was integral in building an $80M consulting services business.  %[LinkedIn](https://www.linkedin.com/in/stevensalta)",
    "DAVID":  "David has been extremely successful in both consulting and product companies.  He has multiple patents from his time at Microsoft as product manager of architecture tools for Visual Studio. %[LinkedIn](https://www.linkedin.com/in/david-trowbridge-3aa17a)",
    "DARREN": "Besides being an excellent consultant, Darren was also the person that turned many of Jared’s ideas into reality by building the core of the Tier3 platform.  %[LinkedIn](https://www.linkedin.com/in/darrensimmonds)",
    "KAITLYN": "Kaitlyn is working as an intern for David while she is studying programming. %[See what cool place she worked at](http://www.theranchatrockcreek.com/)",
    "DIRECTIONS": "The address for the Onsite is 714 N Pioneer Fork Rd, Salt Lake City, UT 84108. \n![The house](https://raw.githubusercontent.com/sciensio/bottest/master/img/Home.jpg) \n%[Driving Directions](https://goo.gl/maps/xDtUG2krN2E2)",
    "WEATHER": "The Onsite location is at 6000 feet elevation and  typically has different weather than Salt Lake City.  For a micro-forecast %[Emigration Weather](http://forecast.weather.gov/MapClick.php?CityName=Salt+Lake+City&state=UT&site=SLC&lat=40.7855&lon=-111.737#.VxvYYfkgtaQ)",
    "INFO": "%[Agenda](postback:AGENDA) %[Attendees](postback:ATTENDEES) %[Directions](postback:DIRECTIONS) \n%[WiFi](postback:WIFI) %[Cats](postback:CATS)",
    "CATS": "There are 2 cats: %[Felix](postback:FELIX) %[Whitney](postback:WHITNEY)",
    "FELIX": "Felix is a shy cat and you may only see fleeting glimpses of him.  If you do see him he prefers that you are quiet and deliberate in your movements.  He enjoys chin and ear scratches.\n![Felix](https://raw.githubusercontent.com/sciensio/bottest/master/img/Felix.jpg)",
    "WHITNEY": "Whitney is a friendly cat.  She will likely want to investigate your bags and may pack herself, so check before leaving or you may be bringing  a new kitty home!\n![Whitney](https://raw.githubusercontent.com/sciensio/bottest/master/img/Whitney.jpg)",
    "TEST": "Hey, I'm so glad you set OnsiteBot up! %[chris](postback:CHRIS)",
    "I LOVE YOU": "Awh, shucks! I love you too!",
    "RESTART": "Hello, I am the OnsiteBot.  I can help you with the following things during the onsite: \n%[Agenda](postback:AGENDA) %[Attendees](postback:ATTENDEES) %[Directions](postback:DIRECTIONS) \n%[WiFi](postback:WIFI) %[Cats](postback:CATS) \nAlso at any time you can use INFO to see your options",
    "CONNECT ME": "",
    "DISCONNECT": "Roger that, ChrisBot is back."
}
